NC,NN,MC,MN,V,D1C,D1N,D2C,D2N,D3C,D3N
Nível Territorial (Código),Nível Territorial,Unidade de Medida (Código),Unidade de Medida,Valor,Brasil (Código),Brasil,Variável (Código),Variável,Mês (Código),Mês
1,Brasil,,,...,1,Brasil,2263,IPCA - Variação acumulada em 3 meses,197912,dezembro 1979
1,Brasil,,,...,1,Brasil,2263,IPCA - Variação acumulada em 3 meses,198001,janeiro 1980
1,Brasil,,,...,1,Brasil,2263,IPCA - Variação acumulada em 3 meses,198002,fevereiro 1980
1,Brasil,2,%,18.27,1,Brasil,2263,IPCA - Variação acumulada em 3 meses,198003,março 1980
1,Brasil,2,%,16.80,1,Brasil,2263,IPCA - Variação acumulada em 3 meses,198004,abril 1980
1,Brasil,2,%,18.01,1,Brasil,2263,IPCA - Variação acumulada em 3 meses,198005,maio 1980
1,Brasil,2,%,17.19,1,Brasil,2263,IPCA - Variação acumulada em 3 meses,198006,junho 1980
1,Brasil,2,%,17.48,1,Brasil,2263,IPCA - Variação acumulada em 3 meses,198007,julho 1980
1,Brasil,2,%,16.64,1,Brasil,2263,IPCA - Variação acumulada em 3 meses,198008,agosto 1980
1,Brasil,2,%,15.45,1,Brasil,2263,IPCA - Variação acumulada em 3 meses,198009,setembro 1980
1,Brasil,2,%,19.76,1,Brasil,2263,IPCA - Variação acumulada em 3 meses,198010,outubro 1980
1,Brasil,2,%,21.73,1,Brasil,2263,IPCA - Variação acumulada em 3 meses,198011,novembro 1980
1,Brasil,2,%,24.51,1,Brasil,2263,IPCA - Variação acumulada em 3 meses,198012,dezembro 1980
1,Brasil,2,%,21.51,1,Brasil,2263,IPCA - Variação acumulada em 3 meses,198101,janeiro 1981
1,Brasil,2,%,21.19,1,Brasil,2263,IPCA - Variação acumulada em 3 meses,198102,fevereiro 1981
1,Brasil,2,%,19.33,1,Brasil,2263,IPCA - Variação acumulada em 3 meses,198103,março 1981
1,Brasil,2,%,18.91,1,Brasil,2263,IPCA - Variação acumulada em 3 meses,198104,abril 1981
1,Brasil,2,%,17.97,1,Brasil,2263,IPCA - Variação acumulada em 3 meses,198105,maio 1981
1,Brasil,2,%,18.58,1,Brasil,2263,IPCA - Variação acumulada em 3 meses,198106,junho 1981
1,Brasil,2,%,18.35,1,Brasil,2263,IPCA - Variação acumulada em 3 meses,198107,julho 1981
1,Brasil,2,%,18.28,1,Brasil,2263,IPCA - Variação acumulada em 3 meses,198108,agosto 1981
1,Brasil,2,%,17.99,1,Brasil,2263,IPCA - Variação acumulada em 3 meses,198109,setembro 1981
1,Brasil,2,%,16.68,1,Brasil,2263,IPCA - Variação acumulada em 3 meses,198110,outubro 1981
1,Brasil,2,%,16.43,1,Brasil,2263,IPCA - Variação acumulada em 3 meses,198111,novembro 1981
1,Brasil,2,%,17.17,1,Brasil,2263,IPCA - Variação acumulada em 3 meses,198112,dezembro 1981
1,Brasil,2,%,19.28,1,Brasil,2263,IPCA - Variação acumulada em 3 meses,198201,janeiro 1982
1,Brasil,2,%,20.82,1,Brasil,2263,IPCA - Variação acumulada em 3 meses,198202,fevereiro 1982
1,Brasil,2,%,20.58,1,Brasil,2263,IPCA - Variação acumulada em 3 meses,198203,março 1982
1,Brasil,2,%,19.37,1,Brasil,2263,IPCA - Variação acumulada em 3 meses,198204,abril 1982
1,Brasil,2,%,19.39,1,Brasil,2263,IPCA - Variação acumulada em 3 meses,198205,maio 1982
1,Brasil,2,%,20.96,1,Brasil,2263,IPCA - Variação acumulada em 3 meses,198206,junho 1982
1,Brasil,2,%,21.50,1,Brasil,2263,IPCA - Variação acumulada em 3 meses,198207,julho 1982
1,Brasil,2,%,20.72,1,Brasil,2263,IPCA - Variação acumulada em 3 meses,198208,agosto 1982
1,Brasil,2,%,18.44,1,Brasil,2263,IPCA - Variação acumulada em 3 meses,198209,setembro 1982
1,Brasil,2,%,16.30,1,Brasil,2263,IPCA - Variação acumulada em 3 meses,198210,outubro 1982
1,Brasil,2,%,15.55,1,Brasil,2263,IPCA - Variação acumulada em 3 meses,198211,novembro 1982
1,Brasil,2,%,18.55,1,Brasil,2263,IPCA - Variação acumulada em 3 meses,198212,dezembro 1982
1,Brasil,2,%,23.32,1,Brasil,2263,IPCA - Variação acumulada em 3 meses,198301,janeiro 1983
1,Brasil,2,%,26.33,1,Brasil,2263,IPCA - Variação acumulada em 3 meses,198302,fevereiro 1983
1,Brasil,2,%,25.78,1,Brasil,2263,IPCA - Variação acumulada em 3 meses,198303,março 1983
1,Brasil,2,%,23.40,1,Brasil,2263,IPCA - Variação acumulada em 3 meses,198304,abril 1983
1,Brasil,2,%,21.82,1,Brasil,2263,IPCA - Variação acumulada em 3 meses,198305,maio 1983
1,Brasil,2,%,24.70,1,Brasil,2263,IPCA - Variação acumulada em 3 meses,198306,junho 1983
1,Brasil,2,%,28.80,1,Brasil,2263,IPCA - Variação acumulada em 3 meses,198307,julho 1983
1,Brasil,2,%,31.97,1,Brasil,2263,IPCA - Variação acumulada em 3 meses,198308,agosto 1983
1,Brasil,2,%,32.48,1,Brasil,2263,IPCA - Variação acumulada em 3 meses,198309,setembro 1983
1,Brasil,2,%,31.02,1,Brasil,2263,IPCA - Variação acumulada em 3 meses,198310,outubro 1983
1,Brasil,2,%,28.95,1,Brasil,2263,IPCA - Variação acumulada em 3 meses,198311,novembro 1983
1,Brasil,2,%,27.05,1,Brasil,2263,IPCA - Variação acumulada em 3 meses,198312,dezembro 1983
1,Brasil,2,%,27.99,1,Brasil,2263,IPCA - Variação acumulada em 3 meses,198401,janeiro 1984
1,Brasil,2,%,30.51,1,Brasil,2263,IPCA - Variação acumulada em 3 meses,198402,fevereiro 1984
1,Brasil,2,%,30.82,1,Brasil,2263,IPCA - Variação acumulada em 3 meses,198403,março 1984
1,Brasil,2,%,30.67,1,Brasil,2263,IPCA - Variação acumulada em 3 meses,198404,abril 1984
1,Brasil,2,%,30.13,1,Brasil,2263,IPCA - Variação acumulada em 3 meses,198405,maio 1984
1,Brasil,2,%,31.50,1,Brasil,2263,IPCA - Variação acumulada em 3 meses,198406,junho 1984
1,Brasil,2,%,31.72,1,Brasil,2263,IPCA - Variação acumulada em 3 meses,198407,julho 1984
1,Brasil,2,%,32.08,1,Brasil,2263,IPCA - Variação acumulada em 3 meses,198408,agosto 1984
1,Brasil,2,%,34.08,1,Brasil,2263,IPCA - Variação acumulada em 3 meses,198409,setembro 1984
1,Brasil,2,%,34.95,1,Brasil,2263,IPCA - Variação acumulada em 3 meses,198410,outubro 1984
1,Brasil,2,%,36.40,1,Brasil,2263,IPCA - Variação acumulada em 3 meses,198411,novembro 1984
1,Brasil,2,%,36.68,1,Brasil,2263,IPCA - Variação acumulada em 3 meses,198412,dezembro 1984
1,Brasil,2,%,38.32,1,Brasil,2263,IPCA - Variação acumulada em 3 meses,198501,janeiro 1985
1,Brasil,2,%,38.74,1,Brasil,2263,IPCA - Variação acumulada em 3 meses,198502,fevereiro 1985
1,Brasil,2,%,36.49,1,Brasil,2263,IPCA - Variação acumulada em 3 meses,198503,março 1985
1,Brasil,2,%,32.14,1,Brasil,2263,IPCA - Variação acumulada em 3 meses,198504,abril 1985
1,Brasil,2,%,27.77,1,Brasil,2263,IPCA - Variação acumulada em 3 meses,198505,maio 1985
1,Brasil,2,%,25.83,1,Brasil,2263,IPCA - Variação acumulada em 3 meses,198506,junho 1985
1,Brasil,2,%,28.30,1,Brasil,2263,IPCA - Variação acumulada em 3 meses,198507,julho 1985
1,Brasil,2,%,34.10,1,Brasil,2263,IPCA - Variação acumulada em 3 meses,198508,agosto 1985
1,Brasil,2,%,37.35,1,Brasil,2263,IPCA - Variação acumulada em 3 meses,198509,setembro 1985
1,Brasil,2,%,37.72,1,Brasil,2263,IPCA - Variação acumulada em 3 meses,198510,outubro 1985
1,Brasil,2,%,40.09,1,Brasil,2263,IPCA - Variação acumulada em 3 meses,198511,novembro 1985
1,Brasil,2,%,45.08,1,Brasil,2263,IPCA - Variação acumulada em 3 meses,198512,dezembro 1985
1,Brasil,2,%,50.00,1,Brasil,2263,IPCA - Variação acumulada em 3 meses,198601,janeiro 1986
1,Brasil,2,%,48.35,1,Brasil,2263,IPCA - Variação acumulada em 3 meses,198602,fevereiro 1986
1,Brasil,2,%,35.07,1,Brasil,2263,IPCA - Variação acumulada em 3 meses,198603,março 1986
1,Brasil,2,%,19.01,1,Brasil,2263,IPCA - Variação acumulada em 3 meses,198604,abril 1986
1,Brasil,2,%,7.06,1,Brasil,2263,IPCA - Variação acumulada em 3 meses,198605,maio 1986
1,Brasil,2,%,3.49,1,Brasil,2263,IPCA - Variação acumulada em 3 meses,198606,junho 1986
1,Brasil,2,%,4.45,1,Brasil,2263,IPCA - Variação acumulada em 3 meses,198607,julho 1986
1,Brasil,2,%,6.66,1,Brasil,2263,IPCA - Variação acumulada em 3 meses,198608,agosto 1986
1,Brasil,2,%,7.13,1,Brasil,2263,IPCA - Variação acumulada em 3 meses,198609,setembro 1986
1,Brasil,2,%,7.33,1,Brasil,2263,IPCA - Variação acumulada em 3 meses,198610,outubro 1986
1,Brasil,2,%,9.30,1,Brasil,2263,IPCA - Variação acumulada em 3 meses,198611,novembro 1986
1,Brasil,2,%,19.98,1,Brasil,2263,IPCA - Variação acumulada em 3 meses,198612,dezembro 1986
1,Brasil,2,%,33.29,1,Brasil,2263,IPCA - Variação acumulada em 3 meses,198701,janeiro 1987
1,Brasil,2,%,42.37,1,Brasil,2263,IPCA - Variação acumulada em 3 meses,198702,fevereiro 1987
1,Brasil,2,%,48.39,1,Brasil,2263,IPCA - Variação acumulada em 3 meses,198703,março 1987
1,Brasil,2,%,56.11,1,Brasil,2263,IPCA - Variação acumulada em 3 meses,198704,abril 1987
1,Brasil,2,%,68.33,1,Brasil,2263,IPCA - Variação acumulada em 3 meses,198705,maio 1987
1,Brasil,2,%,73.16,1,Brasil,2263,IPCA - Variação acumulada em 3 meses,198706,junho 1987
1,Brasil,2,%,58.78,1,Brasil,2263,IPCA - Variação acumulada em 3 meses,198707,julho 1987
1,Brasil,2,%,37.10,1,Brasil,2263,IPCA - Variação acumulada em 3 meses,198708,agosto 1987
1,Brasil,2,%,23.44,1,Brasil,2263,IPCA - Variação acumulada em 3 meses,198709,setembro 1987
1,Brasil,2,%,25.71,1,Brasil,2263,IPCA - Variação acumulada em 3 meses,198710,outubro 1987
1,Brasil,2,%,37.95,1,Brasil,2263,IPCA - Variação acumulada em 3 meses,198711,novembro 1987
1,Brasil,2,%,46.10,1,Brasil,2263,IPCA - Variação acumulada em 3 meses,198712,dezembro 1987
1,Brasil,2,%,56.18,1,Brasil,2263,IPCA - Variação acumulada em 3 meses,198801,janeiro 1988
1,Brasil,2,%,57.02,1,Brasil,2263,IPCA - Variação acumulada em 3 meses,198802,fevereiro 1988
1,Brasil,2,%,61.77,1,Brasil,2263,IPCA - Variação acumulada em 3 meses,198803,março 1988
1,Brasil,2,%,62.31,1,Brasil,2263,IPCA - Variação acumulada em 3 meses,198804,abril 1988
1,Brasil,2,%,64.72,1,Brasil,2263,IPCA - Variação acumulada em 3 meses,198805,maio 1988
1,Brasil,2,%,70.88,1,Brasil,2263,IPCA - Variação acumulada em 3 meses,198806,junho 1988
1,Brasil,2,%,74.64,1,Brasil,2263,IPCA - Variação acumulada em 3 meses,198807,julho 1988
1,Brasil,2,%,80.84,1,Brasil,2263,IPCA - Variação acumulada em 3 meses,198808,agosto 1988
1,Brasil,2,%,88.92,1,Brasil,2263,IPCA - Variação acumulada em 3 meses,198809,setembro 1988
1,Brasil,2,%,94.67,1,Brasil,2263,IPCA - Variação acumulada em 3 meses,198810,outubro 1988
1,Brasil,2,%,104.84,1,Brasil,2263,IPCA - Variação acumulada em 3 meses,198811,novembro 1988
1,Brasil,2,%,106.84,1,Brasil,2263,IPCA - Variação acumulada em 3 meses,198812,dezembro 1988
1,Brasil,2,%,126.39,1,Brasil,2263,IPCA - Variação acumulada em 3 meses,198901,janeiro 1989
1,Brasil,2,%,106.64,1,Brasil,2263,IPCA - Variação acumulada em 3 meses,198902,fevereiro 1989
1,Brasil,2,%,71.51,1,Brasil,2263,IPCA - Variação acumulada em 3 meses,198903,março 1989
1,Brasil,2,%,35.14,1,Brasil,2263,IPCA - Variação acumulada em 3 meses,198904,abril 1989
1,Brasil,2,%,36.45,1,Brasil,2263,IPCA - Variação acumulada em 3 meses,198905,maio 1989
1,Brasil,2,%,64.34,1,Brasil,2263,IPCA - Variação acumulada em 3 meses,198906,junho 1989
1,Brasil,2,%,93.79,1,Brasil,2263,IPCA - Variação acumulada em 3 meses,198907,julho 1989
1,Brasil,2,%,119.74,1,Brasil,2263,IPCA - Variação acumulada em 3 meses,198908,agosto 1989
1,Brasil,2,%,134.95,1,Brasil,2263,IPCA - Variação acumulada em 3 meses,198909,setembro 1989
1,Brasil,2,%,157.08,1,Brasil,2263,IPCA - Variação acumulada em 3 meses,198910,outubro 1989
1,Brasil,2,%,184.21,1,Brasil,2263,IPCA - Variação acumulada em 3 meses,198911,novembro 1989
1,Brasil,2,%,213.01,1,Brasil,2263,IPCA - Variação acumulada em 3 meses,198912,dezembro 1989
1,Brasil,2,%,275.22,1,Brasil,2263,IPCA - Variação acumulada em 3 meses,199001,janeiro 1990
1,Brasil,2,%,346.07,1,Brasil,2263,IPCA - Variação acumulada em 3 meses,199002,fevereiro 1990
1,Brasil,2,%,437.02,1,Brasil,2263,IPCA - Variação acumulada em 3 meses,199003,março 1990
1,Brasil,2,%,270.26,1,Brasil,2263,IPCA - Variação acumulada em 3 meses,199004,abril 1990
1,Brasil,2,%,126.69,1,Brasil,2263,IPCA - Variação acumulada em 3 meses,199005,maio 1990
1,Brasil,2,%,38.89,1,Brasil,2263,IPCA - Variação acumulada em 3 meses,199006,junho 1990
1,Brasil,2,%,35.77,1,Brasil,2263,IPCA - Variação acumulada em 3 meses,199007,julho 1990
1,Brasil,2,%,42.44,1,Brasil,2263,IPCA - Variação acumulada em 3 meses,199008,agosto 1990
1,Brasil,2,%,45.83,1,Brasil,2263,IPCA - Variação acumulada em 3 meses,199009,setembro 1990
1,Brasil,2,%,47.69,1,Brasil,2263,IPCA - Variação acumulada em 3 meses,199010,outubro 1990
1,Brasil,2,%,52.83,1,Brasil,2263,IPCA - Variação acumulada em 3 meses,199011,novembro 1990
1,Brasil,2,%,58.22,1,Brasil,2263,IPCA - Variação acumulada em 3 meses,199012,dezembro 1990
1,Brasil,2,%,67.06,1,Brasil,2263,IPCA - Variação acumulada em 3 meses,199101,janeiro 1991
1,Brasil,2,%,72.65,1,Brasil,2263,IPCA - Variação acumulada em 3 meses,199102,fevereiro 1991
1,Brasil,2,%,63.15,1,Brasil,2263,IPCA - Variação acumulada em 3 meses,199103,março 1991
1,Brasil,2,%,41.86,1,Brasil,2263,IPCA - Variação acumulada em 3 meses,199104,abril 1991
1,Brasil,2,%,26.24,1,Brasil,2263,IPCA - Variação acumulada em 3 meses,199105,maio 1991
1,Brasil,2,%,25.41,1,Brasil,2263,IPCA - Variação acumulada em 3 meses,199106,junho 1991
1,Brasil,2,%,34.28,1,Brasil,2263,IPCA - Variação acumulada em 3 meses,199107,julho 1991
1,Brasil,2,%,44.52,1,Brasil,2263,IPCA - Variação acumulada em 3 meses,199108,agosto 1991
1,Brasil,2,%,50.30,1,Brasil,2263,IPCA - Variação acumulada em 3 meses,199109,setembro 1991
1,Brasil,2,%,60.75,1,Brasil,2263,IPCA - Variação acumulada em 3 meses,199110,outubro 1991
1,Brasil,2,%,74.07,1,Brasil,2263,IPCA - Variação acumulada em 3 meses,199111,novembro 1991
1,Brasil,2,%,86.23,1,Brasil,2263,IPCA - Variação acumulada em 3 meses,199112,dezembro 1991
1,Brasil,2,%,95.08,1,Brasil,2263,IPCA - Variação acumulada em 3 meses,199201,janeiro 1992
1,Brasil,2,%,93.69,1,Brasil,2263,IPCA - Variação acumulada em 3 meses,199202,fevereiro 1992
1,Brasil,2,%,90.08,1,Brasil,2263,IPCA - Variação acumulada em 3 meses,199203,março 1992
1,Brasil,2,%,81.00,1,Brasil,2263,IPCA - Variação acumulada em 3 meses,199204,abril 1992
1,Brasil,2,%,81.79,1,Brasil,2263,IPCA - Variação acumulada em 3 meses,199205,maio 1992
1,Brasil,2,%,80.01,1,Brasil,2263,IPCA - Variação acumulada em 3 meses,199206,junho 1992
1,Brasil,2,%,82.86,1,Brasil,2263,IPCA - Variação acumulada em 3 meses,199207,julho 1992
1,Brasil,2,%,78.88,1,Brasil,2263,IPCA - Variação acumulada em 3 meses,199208,agosto 1992
1,Brasil,2,%,85.45,1,Brasil,2263,IPCA - Variação acumulada em 3 meses,199209,setembro 1992
1,Brasil,2,%,90.64,1,Brasil,2263,IPCA - Variação acumulada em 3 meses,199210,outubro 1992
1,Brasil,2,%,91.19,1,Brasil,2263,IPCA - Variação acumulada em 3 meses,199211,novembro 1992
1,Brasil,2,%,92.13,1,Brasil,2263,IPCA - Variação acumulada em 3 meses,199212,dezembro 1992
1,Brasil,2,%,99.97,1,Brasil,2263,IPCA - Variação acumulada em 3 meses,199301,janeiro 1993
1,Brasil,2,%,104.03,1,Brasil,2263,IPCA - Variação acumulada em 3 meses,199302,fevereiro 1993
1,Brasil,2,%,107.32,1,Brasil,2263,IPCA - Variação acumulada em 3 meses,199303,março 1993
1,Brasil,2,%,103.19,1,Brasil,2263,IPCA - Variação acumulada em 3 meses,199304,abril 1993
1,Brasil,2,%,107.59,1,Brasil,2263,IPCA - Variação acumulada em 3 meses,199305,maio 1993
1,Brasil,2,%,112.18,1,Brasil,2263,IPCA - Variação acumulada em 3 meses,199306,junho 1993
1,Brasil,2,%,117.11,1,Brasil,2263,IPCA - Variação acumulada em 3 meses,199307,julho 1993
1,Brasil,2,%,126.07,1,Brasil,2263,IPCA - Variação acumulada em 3 meses,199308,agosto 1993
1,Brasil,2,%,135.84,1,Brasil,2263,IPCA - Variação acumulada em 3 meses,199309,setembro 1993
1,Brasil,2,%,141.61,1,Brasil,2263,IPCA - Variação acumulada em 3 meses,199310,outubro 1993
1,Brasil,2,%,146.33,1,Brasil,2263,IPCA - Variação acumulada em 3 meses,199311,novembro 1993
1,Brasil,2,%,148.42,1,Brasil,2263,IPCA - Variação acumulada em 3 meses,199312,dezembro 1993
1,Brasil,2,%,162.13,1,Brasil,2263,IPCA - Variação acumulada em 3 meses,199401,janeiro 1994
1,Brasil,2,%,171.24,1,Brasil,2263,IPCA - Variação acumulada em 3 meses,199402,fevereiro 1994
1,Brasil,2,%,182.96,1,Brasil,2263,IPCA - Variação acumulada em 3 meses,199403,março 1994
1,Brasil,2,%,185.71,1,Brasil,2263,IPCA - Variação acumulada em 3 meses,199404,abril 1994
1,Brasil,2,%,193.36,1,Brasil,2263,IPCA - Variação acumulada em 3 meses,199405,maio 1994
1,Brasil,2,%,202.97,1,Brasil,2263,IPCA - Variação acumulada em 3 meses,199406,junho 1994
1,Brasil,2,%,126.87,1,Brasil,2263,IPCA - Variação acumulada em 3 meses,199407,julho 1994
1,Brasil,2,%,60.44,1,Brasil,2263,IPCA - Variação acumulada em 3 meses,199408,agosto 1994
1,Brasil,2,%,10.49,1,Brasil,2263,IPCA - Variação acumulada em 3 meses,199409,setembro 1994
1,Brasil,2,%,6.13,1,Brasil,2263,IPCA - Variação acumulada em 3 meses,199410,outubro 1994
1,Brasil,2,%,7.12,1,Brasil,2263,IPCA - Variação acumulada em 3 meses,199411,novembro 1994
1,Brasil,2,%,7.31,1,Brasil,2263,IPCA - Variação acumulada em 3 meses,199412,dezembro 1994
1,Brasil,2,%,6.35,1,Brasil,2263,IPCA - Variação acumulada em 3 meses,199501,janeiro 1995
1,Brasil,2,%,4.49,1,Brasil,2263,IPCA - Variação acumulada em 3 meses,199502,fevereiro 1995
1,Brasil,2,%,4.33,1,Brasil,2263,IPCA - Variação acumulada em 3 meses,199503,março 1995
1,Brasil,2,%,5.08,1,Brasil,2263,IPCA - Variação acumulada em 3 meses,199504,abril 1995
1,Brasil,2,%,6.80,1,Brasil,2263,IPCA - Variação acumulada em 3 meses,199505,maio 1995
1,Brasil,2,%,7.54,1,Brasil,2263,IPCA - Variação acumulada em 3 meses,199506,junho 1995
1,Brasil,2,%,7.47,1,Brasil,2263,IPCA - Variação acumulada em 3 meses,199507,julho 1995
1,Brasil,2,%,5.71,1,Brasil,2263,IPCA - Variação acumulada em 3 meses,199508,agosto 1995
1,Brasil,2,%,4.40,1,Brasil,2263,IPCA - Variação acumulada em 3 meses,199509,setembro 1995
1,Brasil,2,%,3.43,1,Brasil,2263,IPCA - Variação acumulada em 3 meses,199510,outubro 1995
1,Brasil,2,%,3.92,1,Brasil,2263,IPCA - Variação acumulada em 3 meses,199511,novembro 1995
1,Brasil,2,%,4.51,1,Brasil,2263,IPCA - Variação acumulada em 3 meses,199512,dezembro 1995
1,Brasil,2,%,4.43,1,Brasil,2263,IPCA - Variação acumulada em 3 meses,199601,janeiro 1996
1,Brasil,2,%,3.98,1,Brasil,2263,IPCA - Variação acumulada em 3 meses,199602,fevereiro 1996
1,Brasil,2,%,2.74,1,Brasil,2263,IPCA - Variação acumulada em 3 meses,199603,março 1996
1,Brasil,2,%,2.66,1,Brasil,2263,IPCA - Variação acumulada em 3 meses,199604,abril 1996
1,Brasil,2,%,2.85,1,Brasil,2263,IPCA - Variação acumulada em 3 meses,199605,maio 1996
1,Brasil,2,%,3.71,1,Brasil,2263,IPCA - Variação acumulada em 3 meses,199606,junho 1996
1,Brasil,2,%,3.56,1,Brasil,2263,IPCA - Variação acumulada em 3 meses,199607,julho 1996
1,Brasil,2,%,2.76,1,Brasil,2263,IPCA - Variação acumulada em 3 meses,199608,agosto 1996
1,Brasil,2,%,1.71,1,Brasil,2263,IPCA - Variação acumulada em 3 meses,199609,setembro 1996
1,Brasil,2,%,0.89,1,Brasil,2263,IPCA - Variação acumulada em 3 meses,199610,outubro 1996
1,Brasil,2,%,0.77,1,Brasil,2263,IPCA - Variação acumulada em 3 meses,199611,novembro 1996
1,Brasil,2,%,1.09,1,Brasil,2263,IPCA - Variação acumulada em 3 meses,199612,dezembro 1996
1,Brasil,2,%,1.98,1,Brasil,2263,IPCA - Variação acumulada em 3 meses,199701,janeiro 1997
1,Brasil,2,%,2.16,1,Brasil,2263,IPCA - Variação acumulada em 3 meses,199702,fevereiro 1997
1,Brasil,2,%,2.21,1,Brasil,2263,IPCA - Variação acumulada em 3 meses,199703,março 1997
1,Brasil,2,%,1.90,1,Brasil,2263,IPCA - Variação acumulada em 3 meses,199704,abril 1997
1,Brasil,2,%,1.81,1,Brasil,2263,IPCA - Variação acumulada em 3 meses,199705,maio 1997
1,Brasil,2,%,1.84,1,Brasil,2263,IPCA - Variação acumulada em 3 meses,199706,junho 1997
1,Brasil,2,%,1.17,1,Brasil,2263,IPCA - Variação acumulada em 3 meses,199707,julho 1997
1,Brasil,2,%,0.74,1,Brasil,2263,IPCA - Variação acumulada em 3 meses,199708,agosto 1997
1,Brasil,2,%,0.26,1,Brasil,2263,IPCA - Variação acumulada em 3 meses,199709,setembro 1997
1,Brasil,2,%,0.27,1,Brasil,2263,IPCA - Variação acumulada em 3 meses,199710,outubro 1997
1,Brasil,2,%,0.46,1,Brasil,2263,IPCA - Variação acumulada em 3 meses,199711,novembro 1997
1,Brasil,2,%,0.83,1,Brasil,2263,IPCA - Variação acumulada em 3 meses,199712,dezembro 1997
1,Brasil,2,%,1.31,1,Brasil,2263,IPCA - Variação acumulada em 3 meses,199801,janeiro 1998
1,Brasil,2,%,1.61,1,Brasil,2263,IPCA - Variação acumulada em 3 meses,199802,fevereiro 1998
1,Brasil,2,%,1.52,1,Brasil,2263,IPCA - Variação acumulada em 3 meses,199803,março 1998
1,Brasil,2,%,1.04,1,Brasil,2263,IPCA - Variação acumulada em 3 meses,199804,abril 1998
1,Brasil,2,%,1.08,1,Brasil,2263,IPCA - Variação acumulada em 3 meses,199805,maio 1998
1,Brasil,2,%,0.76,1,Brasil,2263,IPCA - Variação acumulada em 3 meses,199806,junho 1998
1,Brasil,2,%,0.40,1,Brasil,2263,IPCA - Variação acumulada em 3 meses,199807,julho 1998
1,Brasil,2,%,-0.61,1,Brasil,2263,IPCA - Variação acumulada em 3 meses,199808,agosto 1998
1,Brasil,2,%,-0.85,1,Brasil,2263,IPCA - Variação acumulada em 3 meses,199809,setembro 1998
1,Brasil,2,%,-0.71,1,Brasil,2263,IPCA - Variação acumulada em 3 meses,199810,outubro 1998
1,Brasil,2,%,-0.32,1,Brasil,2263,IPCA - Variação acumulada em 3 meses,199811,novembro 1998
1,Brasil,2,%,0.23,1,Brasil,2263,IPCA - Variação acumulada em 3 meses,199812,dezembro 1998
1,Brasil,2,%,0.91,1,Brasil,2263,IPCA - Variação acumulada em 3 meses,199901,janeiro 1999
1,Brasil,2,%,2.09,1,Brasil,2263,IPCA - Variação acumulada em 3 meses,199902,fevereiro 1999
1,Brasil,2,%,2.88,1,Brasil,2263,IPCA - Variação acumulada em 3 meses,199903,março 1999
1,Brasil,2,%,2.73,1,Brasil,2263,IPCA - Variação acumulada em 3 meses,199904,abril 1999
1,Brasil,2,%,1.97,1,Brasil,2263,IPCA - Variação acumulada em 3 meses,199905,maio 1999
1,Brasil,2,%,1.05,1,Brasil,2263,IPCA - Variação acumulada em 3 meses,199906,junho 1999
1,Brasil,2,%,1.59,1,Brasil,2263,IPCA - Variação acumulada em 3 meses,199907,julho 1999
1,Brasil,2,%,1.85,1,Brasil,2263,IPCA - Variação acumulada em 3 meses,199908,agosto 1999
1,Brasil,2,%,1.97,1,Brasil,2263,IPCA - Variação acumulada em 3 meses,199909,setembro 1999
1,Brasil,2,%,2.07,1,Brasil,2263,IPCA - Variação acumulada em 3 meses,199910,outubro 1999
1,Brasil,2,%,2.47,1,Brasil,2263,IPCA - Variação acumulada em 3 meses,199911,novembro 1999
1,Brasil,2,%,2.76,1,Brasil,2263,IPCA - Variação acumulada em 3 meses,199912,dezembro 1999
1,Brasil,2,%,2.19,1,Brasil,2263,IPCA - Variação acumulada em 3 meses,200001,janeiro 2000
1,Brasil,2,%,1.36,1,Brasil,2263,IPCA - Variação acumulada em 3 meses,200002,fevereiro 2000
1,Brasil,2,%,0.97,1,Brasil,2263,IPCA - Variação acumulada em 3 meses,200003,março 2000
1,Brasil,2,%,0.77,1,Brasil,2263,IPCA - Variação acumulada em 3 meses,200004,abril 2000
1,Brasil,2,%,0.65,1,Brasil,2263,IPCA - Variação acumulada em 3 meses,200005,maio 2000
1,Brasil,2,%,0.66,1,Brasil,2263,IPCA - Variação acumulada em 3 meses,200006,junho 2000
1,Brasil,2,%,1.85,1,Brasil,2263,IPCA - Variação acumulada em 3 meses,200007,julho 2000
1,Brasil,2,%,3.18,1,Brasil,2263,IPCA - Variação acumulada em 3 meses,200008,agosto 2000
1,Brasil,2,%,3.18,1,Brasil,2263,IPCA - Variação acumulada em 3 meses,200009,setembro 2000
1,Brasil,2,%,1.68,1,Brasil,2263,IPCA - Variação acumulada em 3 meses,200010,outubro 2000
1,Brasil,2,%,0.69,1,Brasil,2263,IPCA - Variação acumulada em 3 meses,200011,novembro 2000
1,Brasil,2,%,1.05,1,Brasil,2263,IPCA - Variação acumulada em 3 meses,200012,dezembro 2000
1,Brasil,2,%,1.49,1,Brasil,2263,IPCA - Variação acumulada em 3 meses,200101,janeiro 2001
1,Brasil,2,%,1.63,1,Brasil,2263,IPCA - Variação acumulada em 3 meses,200102,fevereiro 2001
1,Brasil,2,%,1.42,1,Brasil,2263,IPCA - Variação acumulada em 3 meses,200103,março 2001
1,Brasil,2,%,1.43,1,Brasil,2263,IPCA - Variação acumulada em 3 meses,200104,abril 2001
1,Brasil,2,%,1.38,1,Brasil,2263,IPCA - Variação acumulada em 3 meses,200105,maio 2001
1,Brasil,2,%,1.52,1,Brasil,2263,IPCA - Variação acumulada em 3 meses,200106,junho 2001
1,Brasil,2,%,2.27,1,Brasil,2263,IPCA - Variação acumulada em 3 meses,200107,julho 2001
1,Brasil,2,%,2.57,1,Brasil,2263,IPCA - Variação acumulada em 3 meses,200108,agosto 2001
1,Brasil,2,%,2.32,1,Brasil,2263,IPCA - Variação acumulada em 3 meses,200109,setembro 2001
1,Brasil,2,%,1.82,1,Brasil,2263,IPCA - Variação acumulada em 3 meses,200110,outubro 2001
1,Brasil,2,%,1.83,1,Brasil,2263,IPCA - Variação acumulada em 3 meses,200111,novembro 2001
1,Brasil,2,%,2.21,1,Brasil,2263,IPCA - Variação acumulada em 3 meses,200112,dezembro 2001
1,Brasil,2,%,1.89,1,Brasil,2263,IPCA - Variação acumulada em 3 meses,200201,janeiro 2002
1,Brasil,2,%,1.54,1,Brasil,2263,IPCA - Variação acumulada em 3 meses,200202,fevereiro 2002
1,Brasil,2,%,1.49,1,Brasil,2263,IPCA - Variação acumulada em 3 meses,200203,março 2002
1,Brasil,2,%,1.77,1,Brasil,2263,IPCA - Variação acumulada em 3 meses,200204,abril 2002
1,Brasil,2,%,1.62,1,Brasil,2263,IPCA - Variação acumulada em 3 meses,200205,maio 2002
1,Brasil,2,%,1.44,1,Brasil,2263,IPCA - Variação acumulada em 3 meses,200206,junho 2002
1,Brasil,2,%,1.83,1,Brasil,2263,IPCA - Variação acumulada em 3 meses,200207,julho 2002
1,Brasil,2,%,2.28,1,Brasil,2263,IPCA - Variação acumulada em 3 meses,200208,agosto 2002
1,Brasil,2,%,2.58,1,Brasil,2263,IPCA - Variação acumulada em 3 meses,200209,setembro 2002
1,Brasil,2,%,2.70,1,Brasil,2263,IPCA - Variação acumulada em 3 meses,200210,outubro 2002
1,Brasil,2,%,5.12,1,Brasil,2263,IPCA - Variação acumulada em 3 meses,200211,novembro 2002
1,Brasil,2,%,6.56,1,Brasil,2263,IPCA - Variação acumulada em 3 meses,200212,dezembro 2002
1,Brasil,2,%,7.55,1,Brasil,2263,IPCA - Variação acumulada em 3 meses,200301,janeiro 2003
1,Brasil,2,%,6.04,1,Brasil,2263,IPCA - Variação acumulada em 3 meses,200302,fevereiro 2003
1,Brasil,2,%,5.13,1,Brasil,2263,IPCA - Variação acumulada em 3 meses,200303,março 2003
1,Brasil,2,%,3.82,1,Brasil,2263,IPCA - Variação acumulada em 3 meses,200304,abril 2003
1,Brasil,2,%,2.84,1,Brasil,2263,IPCA - Variação acumulada em 3 meses,200305,maio 2003
1,Brasil,2,%,1.43,1,Brasil,2263,IPCA - Variação acumulada em 3 meses,200306,junho 2003
1,Brasil,2,%,0.66,1,Brasil,2263,IPCA - Variação acumulada em 3 meses,200307,julho 2003
1,Brasil,2,%,0.39,1,Brasil,2263,IPCA - Variação acumulada em 3 meses,200308,agosto 2003
1,Brasil,2,%,1.32,1,Brasil,2263,IPCA - Variação acumulada em 3 meses,200309,setembro 2003
1,Brasil,2,%,1.42,1,Brasil,2263,IPCA - Variação acumulada em 3 meses,200310,outubro 2003
1,Brasil,2,%,1.42,1,Brasil,2263,IPCA - Variação acumulada em 3 meses,200311,novembro 2003
1,Brasil,2,%,1.15,1,Brasil,2263,IPCA - Variação acumulada em 3 meses,200312,dezembro 2003
1,Brasil,2,%,1.63,1,Brasil,2263,IPCA - Variação acumulada em 3 meses,200401,janeiro 2004
1,Brasil,2,%,1.90,1,Brasil,2263,IPCA - Variação acumulada em 3 meses,200402,fevereiro 2004
1,Brasil,2,%,1.85,1,Brasil,2263,IPCA - Variação acumulada em 3 meses,200403,março 2004
1,Brasil,2,%,1.46,1,Brasil,2263,IPCA - Variação acumulada em 3 meses,200404,abril 2004
1,Brasil,2,%,1.36,1,Brasil,2263,IPCA - Variação acumulada em 3 meses,200405,maio 2004
1,Brasil,2,%,1.60,1,Brasil,2263,IPCA - Variação acumulada em 3 meses,200406,junho 2004
1,Brasil,2,%,2.14,1,Brasil,2263,IPCA - Variação acumulada em 3 meses,200407,julho 2004
1,Brasil,2,%,2.33,1,Brasil,2263,IPCA - Variação acumulada em 3 meses,200408,agosto 2004
1,Brasil,2,%,1.94,1,Brasil,2263,IPCA - Variação acumulada em 3 meses,200409,setembro 2004
1,Brasil,2,%,1.47,1,Brasil,2263,IPCA - Variação acumulada em 3 meses,200410,outubro 2004
1,Brasil,2,%,1.47,1,Brasil,2263,IPCA - Variação acumulada em 3 meses,200411,novembro 2004
1,Brasil,2,%,2.00,1,Brasil,2263,IPCA - Variação acumulada em 3 meses,200412,dezembro 2004
1,Brasil,2,%,2.14,1,Brasil,2263,IPCA - Variação acumulada em 3 meses,200501,janeiro 2005
1,Brasil,2,%,2.04,1,Brasil,2263,IPCA - Variação acumulada em 3 meses,200502,fevereiro 2005
1,Brasil,2,%,1.79,1,Brasil,2263,IPCA - Variação acumulada em 3 meses,200503,março 2005
1,Brasil,2,%,2.08,1,Brasil,2263,IPCA - Variação acumulada em 3 meses,200504,abril 2005
1,Brasil,2,%,1.98,1,Brasil,2263,IPCA - Variação acumulada em 3 meses,200505,maio 2005
1,Brasil,2,%,1.34,1,Brasil,2263,IPCA - Variação acumulada em 3 meses,200506,junho 2005
1,Brasil,2,%,0.72,1,Brasil,2263,IPCA - Variação acumulada em 3 meses,200507,julho 2005
1,Brasil,2,%,0.40,1,Brasil,2263,IPCA - Variação acumulada em 3 meses,200508,agosto 2005
1,Brasil,2,%,0.77,1,Brasil,2263,IPCA - Variação acumulada em 3 meses,200509,setembro 2005
1,Brasil,2,%,1.27,1,Brasil,2263,IPCA - Variação acumulada em 3 meses,200510,outubro 2005
1,Brasil,2,%,1.66,1,Brasil,2263,IPCA - Variação acumulada em 3 meses,200511,novembro 2005
1,Brasil,2,%,1.67,1,Brasil,2263,IPCA - Variação acumulada em 3 meses,200512,dezembro 2005
1,Brasil,2,%,1.51,1,Brasil,2263,IPCA - Variação acumulada em 3 meses,200601,janeiro 2006
1,Brasil,2,%,1.37,1,Brasil,2263,IPCA - Variação acumulada em 3 meses,200602,fevereiro 2006
1,Brasil,2,%,1.44,1,Brasil,2263,IPCA - Variação acumulada em 3 meses,200603,março 2006
1,Brasil,2,%,1.05,1,Brasil,2263,IPCA - Variação acumulada em 3 meses,200604,abril 2006
1,Brasil,2,%,0.74,1,Brasil,2263,IPCA - Variação acumulada em 3 meses,200605,maio 2006
1,Brasil,2,%,0.10,1,Brasil,2263,IPCA - Variação acumulada em 3 meses,200606,junho 2006
1,Brasil,2,%,0.08,1,Brasil,2263,IPCA - Variação acumulada em 3 meses,200607,julho 2006
1,Brasil,2,%,0.03,1,Brasil,2263,IPCA - Variação acumulada em 3 meses,200608,agosto 2006
1,Brasil,2,%,0.45,1,Brasil,2263,IPCA - Variação acumulada em 3 meses,200609,setembro 2006
1,Brasil,2,%,0.59,1,Brasil,2263,IPCA - Variação acumulada em 3 meses,200610,outubro 2006
1,Brasil,2,%,0.85,1,Brasil,2263,IPCA - Variação acumulada em 3 meses,200611,novembro 2006
1,Brasil,2,%,1.12,1,Brasil,2263,IPCA - Variação acumulada em 3 meses,200612,dezembro 2006
1,Brasil,2,%,1.23,1,Brasil,2263,IPCA - Variação acumulada em 3 meses,200701,janeiro 2007
1,Brasil,2,%,1.37,1,Brasil,2263,IPCA - Variação acumulada em 3 meses,200702,fevereiro 2007
1,Brasil,2,%,1.26,1,Brasil,2263,IPCA - Variação acumulada em 3 meses,200703,março 2007
1,Brasil,2,%,1.06,1,Brasil,2263,IPCA - Variação acumulada em 3 meses,200704,abril 2007
1,Brasil,2,%,0.90,1,Brasil,2263,IPCA - Variação acumulada em 3 meses,200705,maio 2007
1,Brasil,2,%,0.81,1,Brasil,2263,IPCA - Variação acumulada em 3 meses,200706,junho 2007
1,Brasil,2,%,0.80,1,Brasil,2263,IPCA - Variação acumulada em 3 meses,200707,julho 2007
1,Brasil,2,%,0.99,1,Brasil,2263,IPCA - Variação acumulada em 3 meses,200708,agosto 2007
1,Brasil,2,%,0.89,1,Brasil,2263,IPCA - Variação acumulada em 3 meses,200709,setembro 2007
1,Brasil,2,%,0.95,1,Brasil,2263,IPCA - Variação acumulada em 3 meses,200710,outubro 2007
1,Brasil,2,%,0.86,1,Brasil,2263,IPCA - Variação acumulada em 3 meses,200711,novembro 2007
1,Brasil,2,%,1.43,1,Brasil,2263,IPCA - Variação acumulada em 3 meses,200712,dezembro 2007
1,Brasil,2,%,1.67,1,Brasil,2263,IPCA - Variação acumulada em 3 meses,200801,janeiro 2008
1,Brasil,2,%,1.78,1,Brasil,2263,IPCA - Variação acumulada em 3 meses,200802,fevereiro 2008
1,Brasil,2,%,1.52,1,Brasil,2263,IPCA - Variação acumulada em 3 meses,200803,março 2008
1,Brasil,2,%,1.53,1,Brasil,2263,IPCA - Variação acumulada em 3 meses,200804,abril 2008
1,Brasil,2,%,1.83,1,Brasil,2263,IPCA - Variação acumulada em 3 meses,200805,maio 2008
1,Brasil,2,%,2.09,1,Brasil,2263,IPCA - Variação acumulada em 3 meses,200806,junho 2008
1,Brasil,2,%,2.07,1,Brasil,2263,IPCA - Variação acumulada em 3 meses,200807,julho 2008
1,Brasil,2,%,1.56,1,Brasil,2263,IPCA - Variação acumulada em 3 meses,200808,agosto 2008
1,Brasil,2,%,1.07,1,Brasil,2263,IPCA - Variação acumulada em 3 meses,200809,setembro 2008
1,Brasil,2,%,0.99,1,Brasil,2263,IPCA - Variação acumulada em 3 meses,200810,outubro 2008
1,Brasil,2,%,1.07,1,Brasil,2263,IPCA - Variação acumulada em 3 meses,200811,novembro 2008
1,Brasil,2,%,1.09,1,Brasil,2263,IPCA - Variação acumulada em 3 meses,200812,dezembro 2008
1,Brasil,2,%,1.12,1,Brasil,2263,IPCA - Variação acumulada em 3 meses,200901,janeiro 2009
1,Brasil,2,%,1.32,1,Brasil,2263,IPCA - Variação acumulada em 3 meses,200902,fevereiro 2009
1,Brasil,2,%,1.23,1,Brasil,2263,IPCA - Variação acumulada em 3 meses,200903,março 2009
1,Brasil,2,%,1.23,1,Brasil,2263,IPCA - Variação acumulada em 3 meses,200904,abril 2009
1,Brasil,2,%,1.15,1,Brasil,2263,IPCA - Variação acumulada em 3 meses,200905,maio 2009
1,Brasil,2,%,1.32,1,Brasil,2263,IPCA - Variação acumulada em 3 meses,200906,junho 2009
1,Brasil,2,%,1.07,1,Brasil,2263,IPCA - Variação acumulada em 3 meses,200907,julho 2009
1,Brasil,2,%,0.75,1,Brasil,2263,IPCA - Variação acumulada em 3 meses,200908,agosto 2009
1,Brasil,2,%,0.63,1,Brasil,2263,IPCA - Variação acumulada em 3 meses,200909,setembro 2009
1,Brasil,2,%,0.67,1,Brasil,2263,IPCA - Variação acumulada em 3 meses,200910,outubro 2009
1,Brasil,2,%,0.93,1,Brasil,2263,IPCA - Variação acumulada em 3 meses,200911,novembro 2009
1,Brasil,2,%,1.06,1,Brasil,2263,IPCA - Variação acumulada em 3 meses,200912,dezembro 2009
1,Brasil,2,%,1.54,1,Brasil,2263,IPCA - Variação acumulada em 3 meses,201001,janeiro 2010
1,Brasil,2,%,1.91,1,Brasil,2263,IPCA - Variação acumulada em 3 meses,201002,fevereiro 2010
1,Brasil,2,%,2.06,1,Brasil,2263,IPCA - Variação acumulada em 3 meses,201003,março 2010
1,Brasil,2,%,1.88,1,Brasil,2263,IPCA - Variação acumulada em 3 meses,201004,abril 2010
1,Brasil,2,%,1.53,1,Brasil,2263,IPCA - Variação acumulada em 3 meses,201005,maio 2010
1,Brasil,2,%,1.00,1,Brasil,2263,IPCA - Variação acumulada em 3 meses,201006,junho 2010
1,Brasil,2,%,0.44,1,Brasil,2263,IPCA - Variação acumulada em 3 meses,201007,julho 2010
1,Brasil,2,%,0.05,1,Brasil,2263,IPCA - Variação acumulada em 3 meses,201008,agosto 2010
1,Brasil,2,%,0.50,1,Brasil,2263,IPCA - Variação acumulada em 3 meses,201009,setembro 2010
1,Brasil,2,%,1.24,1,Brasil,2263,IPCA - Variação acumulada em 3 meses,201010,outubro 2010
1,Brasil,2,%,2.04,1,Brasil,2263,IPCA - Variação acumulada em 3 meses,201011,novembro 2010
1,Brasil,2,%,2.23,1,Brasil,2263,IPCA - Variação acumulada em 3 meses,201012,dezembro 2010
1,Brasil,2,%,2.31,1,Brasil,2263,IPCA - Variação acumulada em 3 meses,201101,janeiro 2011
1,Brasil,2,%,2.28,1,Brasil,2263,IPCA - Variação acumulada em 3 meses,201102,fevereiro 2011
1,Brasil,2,%,2.44,1,Brasil,2263,IPCA - Variação acumulada em 3 meses,201103,março 2011
1,Brasil,2,%,2.38,1,Brasil,2263,IPCA - Variação acumulada em 3 meses,201104,abril 2011
1,Brasil,2,%,2.04,1,Brasil,2263,IPCA - Variação acumulada em 3 meses,201105,maio 2011
1,Brasil,2,%,1.40,1,Brasil,2263,IPCA - Variação acumulada em 3 meses,201106,junho 2011
1,Brasil,2,%,0.78,1,Brasil,2263,IPCA - Variação acumulada em 3 meses,201107,julho 2011
1,Brasil,2,%,0.68,1,Brasil,2263,IPCA - Variação acumulada em 3 meses,201108,agosto 2011
1,Brasil,2,%,1.06,1,Brasil,2263,IPCA - Variação acumulada em 3 meses,201109,setembro 2011
1,Brasil,2,%,1.34,1,Brasil,2263,IPCA - Variação acumulada em 3 meses,201110,outubro 2011
1,Brasil,2,%,1.49,1,Brasil,2263,IPCA - Variação acumulada em 3 meses,201111,novembro 2011
1,Brasil,2,%,1.46,1,Brasil,2263,IPCA - Variação acumulada em 3 meses,201112,dezembro 2011
1,Brasil,2,%,1.59,1,Brasil,2263,IPCA - Variação acumulada em 3 meses,201201,janeiro 2012
1,Brasil,2,%,1.52,1,Brasil,2263,IPCA - Variação acumulada em 3 meses,201202,fevereiro 2012
1,Brasil,2,%,1.22,1,Brasil,2263,IPCA - Variação acumulada em 3 meses,201203,março 2012
1,Brasil,2,%,1.31,1,Brasil,2263,IPCA - Variação acumulada em 3 meses,201204,abril 2012
1,Brasil,2,%,1.21,1,Brasil,2263,IPCA - Variação acumulada em 3 meses,201205,maio 2012
1,Brasil,2,%,1.08,1,Brasil,2263,IPCA - Variação acumulada em 3 meses,201206,junho 2012
1,Brasil,2,%,0.87,1,Brasil,2263,IPCA - Variação acumulada em 3 meses,201207,julho 2012
1,Brasil,2,%,0.92,1,Brasil,2263,IPCA - Variação acumulada em 3 meses,201208,agosto 2012
1,Brasil,2,%,1.42,1,Brasil,2263,IPCA - Variação acumulada em 3 meses,201209,setembro 2012
1,Brasil,2,%,1.58,1,Brasil,2263,IPCA - Variação acumulada em 3 meses,201210,outubro 2012
1,Brasil,2,%,1.77,1,Brasil,2263,IPCA - Variação acumulada em 3 meses,201211,novembro 2012
1,Brasil,2,%,1.99,1,Brasil,2263,IPCA - Variação acumulada em 3 meses,201212,dezembro 2012
1,Brasil,2,%,2.27,1,Brasil,2263,IPCA - Variação acumulada em 3 meses,201301,janeiro 2013
1,Brasil,2,%,2.27,1,Brasil,2263,IPCA - Variação acumulada em 3 meses,201302,fevereiro 2013
1,Brasil,2,%,1.94,1,Brasil,2263,IPCA - Variação acumulada em 3 meses,201303,março 2013
1,Brasil,2,%,1.63,1,Brasil,2263,IPCA - Variação acumulada em 3 meses,201304,abril 2013
1,Brasil,2,%,1.40,1,Brasil,2263,IPCA - Variação acumulada em 3 meses,201305,maio 2013
1,Brasil,2,%,1.18,1,Brasil,2263,IPCA - Variação acumulada em 3 meses,201306,junho 2013
1,Brasil,2,%,0.66,1,Brasil,2263,IPCA - Variação acumulada em 3 meses,201307,julho 2013
1,Brasil,2,%,0.53,1,Brasil,2263,IPCA - Variação acumulada em 3 meses,201308,agosto 2013
1,Brasil,2,%,0.62,1,Brasil,2263,IPCA - Variação acumulada em 3 meses,201309,setembro 2013
1,Brasil,2,%,1.16,1,Brasil,2263,IPCA - Variação acumulada em 3 meses,201310,outubro 2013
1,Brasil,2,%,1.47,1,Brasil,2263,IPCA - Variação acumulada em 3 meses,201311,novembro 2013
1,Brasil,2,%,2.04,1,Brasil,2263,IPCA - Variação acumulada em 3 meses,201312,dezembro 2013
1,Brasil,2,%,2.02,1,Brasil,2263,IPCA - Variação acumulada em 3 meses,201401,janeiro 2014
1,Brasil,2,%,2.18,1,Brasil,2263,IPCA - Variação acumulada em 3 meses,201402,fevereiro 2014
1,Brasil,2,%,2.18,1,Brasil,2263,IPCA - Variação acumulada em 3 meses,201403,março 2014
1,Brasil,2,%,2.30,1,Brasil,2263,IPCA - Variação acumulada em 3 meses,201404,abril 2014
1,Brasil,2,%,2.06,1,Brasil,2263,IPCA - Variação acumulada em 3 meses,201405,maio 2014
1,Brasil,2,%,1.54,1,Brasil,2263,IPCA - Variação acumulada em 3 meses,201406,junho 2014
1,Brasil,2,%,0.87,1,Brasil,2263,IPCA - Variação acumulada em 3 meses,201407,julho 2014
1,Brasil,2,%,0.66,1,Brasil,2263,IPCA - Variação acumulada em 3 meses,201408,agosto 2014
1,Brasil,2,%,0.83,1,Brasil,2263,IPCA - Variação acumulada em 3 meses,201409,setembro 2014
1,Brasil,2,%,1.24,1,Brasil,2263,IPCA - Variação acumulada em 3 meses,201410,outubro 2014
1,Brasil,2,%,1.51,1,Brasil,2263,IPCA - Variação acumulada em 3 meses,201411,novembro 2014
1,Brasil,2,%,1.72,1,Brasil,2263,IPCA - Variação acumulada em 3 meses,201412,dezembro 2014
1,Brasil,2,%,2.55,1,Brasil,2263,IPCA - Variação acumulada em 3 meses,201501,janeiro 2015
1,Brasil,2,%,3.27,1,Brasil,2263,IPCA - Variação acumulada em 3 meses,201502,fevereiro 2015
1,Brasil,2,%,3.83,1,Brasil,2263,IPCA - Variação acumulada em 3 meses,201503,março 2015
1,Brasil,2,%,3.28,1,Brasil,2263,IPCA - Variação acumulada em 3 meses,201504,abril 2015
1,Brasil,2,%,2.79,1,Brasil,2263,IPCA - Variação acumulada em 3 meses,201505,maio 2015
1,Brasil,2,%,2.26,1,Brasil,2263,IPCA - Variação acumulada em 3 meses,201506,junho 2015
1,Brasil,2,%,2.17,1,Brasil,2263,IPCA - Variação acumulada em 3 meses,201507,julho 2015
1,Brasil,2,%,1.64,1,Brasil,2263,IPCA - Variação acumulada em 3 meses,201508,agosto 2015
1,Brasil,2,%,1.39,1,Brasil,2263,IPCA - Variação acumulada em 3 meses,201509,setembro 2015
1,Brasil,2,%,1.59,1,Brasil,2263,IPCA - Variação acumulada em 3 meses,201510,outubro 2015
1,Brasil,2,%,2.39,1,Brasil,2263,IPCA - Variação acumulada em 3 meses,201511,novembro 2015
1,Brasil,2,%,2.82,1,Brasil,2263,IPCA - Variação acumulada em 3 meses,201512,dezembro 2015
1,Brasil,2,%,3.27,1,Brasil,2263,IPCA - Variação acumulada em 3 meses,201601,janeiro 2016
1,Brasil,2,%,3.16,1,Brasil,2263,IPCA - Variação acumulada em 3 meses,201602,fevereiro 2016
1,Brasil,2,%,2.62,1,Brasil,2263,IPCA - Variação acumulada em 3 meses,201603,março 2016
1,Brasil,2,%,1.95,1,Brasil,2263,IPCA - Variação acumulada em 3 meses,201604,abril 2016
1,Brasil,2,%,1.83,1,Brasil,2263,IPCA - Variação acumulada em 3 meses,201605,maio 2016
1,Brasil,2,%,1.75,1,Brasil,2263,IPCA - Variação acumulada em 3 meses,201606,junho 2016
1,Brasil,2,%,1.66,1,Brasil,2263,IPCA - Variação acumulada em 3 meses,201607,julho 2016
1,Brasil,2,%,1.32,1,Brasil,2263,IPCA - Variação acumulada em 3 meses,201608,agosto 2016
1,Brasil,2,%,1.04,1,Brasil,2263,IPCA - Variação acumulada em 3 meses,201609,setembro 2016
1,Brasil,2,%,0.78,1,Brasil,2263,IPCA - Variação acumulada em 3 meses,201610,outubro 2016
1,Brasil,2,%,0.52,1,Brasil,2263,IPCA - Variação acumulada em 3 meses,201611,novembro 2016
1,Brasil,2,%,0.74,1,Brasil,2263,IPCA - Variação acumulada em 3 meses,201612,dezembro 2016
1,Brasil,2,%,0.86,1,Brasil,2263,IPCA - Variação acumulada em 3 meses,201701,janeiro 2017
1,Brasil,2,%,1.01,1,Brasil,2263,IPCA - Variação acumulada em 3 meses,201702,fevereiro 2017
1,Brasil,2,%,0.96,1,Brasil,2263,IPCA - Variação acumulada em 3 meses,201703,março 2017
1,Brasil,2,%,0.72,1,Brasil,2263,IPCA - Variação acumulada em 3 meses,201704,abril 2017
1,Brasil,2,%,0.70,1,Brasil,2263,IPCA - Variação acumulada em 3 meses,201705,maio 2017
1,Brasil,2,%,0.22,1,Brasil,2263,IPCA - Variação acumulada em 3 meses,201706,junho 2017
1,Brasil,2,%,0.32,1,Brasil,2263,IPCA - Variação acumulada em 3 meses,201707,julho 2017
1,Brasil,2,%,0.20,1,Brasil,2263,IPCA - Variação acumulada em 3 meses,201708,agosto 2017
1,Brasil,2,%,0.59,1,Brasil,2263,IPCA - Variação acumulada em 3 meses,201709,setembro 2017
1,Brasil,2,%,0.77,1,Brasil,2263,IPCA - Variação acumulada em 3 meses,201710,outubro 2017
1,Brasil,2,%,0.86,1,Brasil,2263,IPCA - Variação acumulada em 3 meses,201711,novembro 2017
1,Brasil,2,%,1.14,1,Brasil,2263,IPCA - Variação acumulada em 3 meses,201712,dezembro 2017
1,Brasil,2,%,1.01,1,Brasil,2263,IPCA - Variação acumulada em 3 meses,201801,janeiro 2018
1,Brasil,2,%,1.05,1,Brasil,2263,IPCA - Variação acumulada em 3 meses,201802,fevereiro 2018
1,Brasil,2,%,0.70,1,Brasil,2263,IPCA - Variação acumulada em 3 meses,201803,março 2018
1,Brasil,2,%,0.63,1,Brasil,2263,IPCA - Variação acumulada em 3 meses,201804,abril 2018
1,Brasil,2,%,0.71,1,Brasil,2263,IPCA - Variação acumulada em 3 meses,201805,maio 2018
1,Brasil,2,%,1.89,1,Brasil,2263,IPCA - Variação acumulada em 3 meses,201806,junho 2018
1,Brasil,2,%,2.00,1,Brasil,2263,IPCA - Variação acumulada em 3 meses,201807,julho 2018
1,Brasil,2,%,1.50,1,Brasil,2263,IPCA - Variação acumulada em 3 meses,201808,agosto 2018
1,Brasil,2,%,0.72,1,Brasil,2263,IPCA - Variação acumulada em 3 meses,201809,setembro 2018
1,Brasil,2,%,0.84,1,Brasil,2263,IPCA - Variação acumulada em 3 meses,201810,outubro 2018
1,Brasil,2,%,0.72,1,Brasil,2263,IPCA - Variação acumulada em 3 meses,201811,novembro 2018
1,Brasil,2,%,0.39,1,Brasil,2263,IPCA - Variação acumulada em 3 meses,201812,dezembro 2018
1,Brasil,2,%,0.26,1,Brasil,2263,IPCA - Variação acumulada em 3 meses,201901,janeiro 2019
1,Brasil,2,%,0.90,1,Brasil,2263,IPCA - Variação acumulada em 3 meses,201902,fevereiro 2019
1,Brasil,2,%,1.51,1,Brasil,2263,IPCA - Variação acumulada em 3 meses,201903,março 2019
1,Brasil,2,%,1.76,1,Brasil,2263,IPCA - Variação acumulada em 3 meses,201904,abril 2019
1,Brasil,2,%,1.46,1,Brasil,2263,IPCA - Variação acumulada em 3 meses,201905,maio 2019
1,Brasil,2,%,0.71,1,Brasil,2263,IPCA - Variação acumulada em 3 meses,201906,junho 2019
1,Brasil,2,%,0.33,1,Brasil,2263,IPCA - Variação acumulada em 3 meses,201907,julho 2019
1,Brasil,2,%,0.31,1,Brasil,2263,IPCA - Variação acumulada em 3 meses,201908,agosto 2019
1,Brasil,2,%,0.26,1,Brasil,2263,IPCA - Variação acumulada em 3 meses,201909,setembro 2019
1,Brasil,2,%,0.17,1,Brasil,2263,IPCA - Variação acumulada em 3 meses,201910,outubro 2019
1,Brasil,2,%,0.57,1,Brasil,2263,IPCA - Variação acumulada em 3 meses,201911,novembro 2019
1,Brasil,2,%,1.77,1,Brasil,2263,IPCA - Variação acumulada em 3 meses,201912,dezembro 2019
1,Brasil,2,%,1.88,1,Brasil,2263,IPCA - Variação acumulada em 3 meses,202001,janeiro 2020
1,Brasil,2,%,1.62,1,Brasil,2263,IPCA - Variação acumulada em 3 meses,202002,fevereiro 2020
1,Brasil,2,%,0.53,1,Brasil,2263,IPCA - Variação acumulada em 3 meses,202003,março 2020
1,Brasil,2,%,0.01,1,Brasil,2263,IPCA - Variação acumulada em 3 meses,202004,abril 2020
1,Brasil,2,%,-0.62,1,Brasil,2263,IPCA - Variação acumulada em 3 meses,202005,maio 2020
1,Brasil,2,%,-0.43,1,Brasil,2263,IPCA - Variação acumulada em 3 meses,202006,junho 2020
1,Brasil,2,%,0.24,1,Brasil,2263,IPCA - Variação acumulada em 3 meses,202007,julho 2020
1,Brasil,2,%,0.86,1,Brasil,2263,IPCA - Variação acumulada em 3 meses,202008,agosto 2020
1,Brasil,2,%,1.24,1,Brasil,2263,IPCA - Variação acumulada em 3 meses,202009,setembro 2020
1,Brasil,2,%,1.75,1,Brasil,2263,IPCA - Variação acumulada em 3 meses,202010,outubro 2020
1,Brasil,2,%,2.41,1,Brasil,2263,IPCA - Variação acumulada em 3 meses,202011,novembro 2020
1,Brasil,2,%,3.13,1,Brasil,2263,IPCA - Variação acumulada em 3 meses,202012,dezembro 2020
1,Brasil,2,%,2.51,1,Brasil,2263,IPCA - Variação acumulada em 3 meses,202101,janeiro 2021
1,Brasil,2,%,2.48,1,Brasil,2263,IPCA - Variação acumulada em 3 meses,202102,fevereiro 2021
1,Brasil,2,%,2.05,1,Brasil,2263,IPCA - Variação acumulada em 3 meses,202103,março 2021
1,Brasil,2,%,2.11,1,Brasil,2263,IPCA - Variação acumulada em 3 meses,202104,abril 2021
1,Brasil,2,%,2.08,1,Brasil,2263,IPCA - Variação acumulada em 3 meses,202105,maio 2021
1,Brasil,2,%,1.68,1,Brasil,2263,IPCA - Variação acumulada em 3 meses,202106,junho 2021
1,Brasil,2,%,2.34,1,Brasil,2263,IPCA - Variação acumulada em 3 meses,202107,julho 2021
1,Brasil,2,%,2.38,1,Brasil,2263,IPCA - Variação acumulada em 3 meses,202108,agosto 2021
1,Brasil,2,%,3.02,1,Brasil,2263,IPCA - Variação acumulada em 3 meses,202109,setembro 2021
1,Brasil,2,%,3.32,1,Brasil,2263,IPCA - Variação acumulada em 3 meses,202110,outubro 2021
1,Brasil,2,%,3.40,1,Brasil,2263,IPCA - Variação acumulada em 3 meses,202111,novembro 2021
1,Brasil,2,%,2.96,1,Brasil,2263,IPCA - Variação acumulada em 3 meses,202112,dezembro 2021
1,Brasil,2,%,2.24,1,Brasil,2263,IPCA - Variação acumulada em 3 meses,202201,janeiro 2022
1,Brasil,2,%,2.30,1,Brasil,2263,IPCA - Variação acumulada em 3 meses,202202,fevereiro 2022
1,Brasil,2,%,3.20,1,Brasil,2263,IPCA - Variação acumulada em 3 meses,202203,março 2022
1,Brasil,2,%,3.73,1,Brasil,2263,IPCA - Variação acumulada em 3 meses,202204,abril 2022
1,Brasil,2,%,3.18,1,Brasil,2263,IPCA - Variação acumulada em 3 meses,202205,maio 2022
1,Brasil,2,%,2.22,1,Brasil,2263,IPCA - Variação acumulada em 3 meses,202206,junho 2022
1,Brasil,2,%,0.46,1,Brasil,2263,IPCA - Variação acumulada em 3 meses,202207,julho 2022
1,Brasil,2,%,-0.37,1,Brasil,2263,IPCA - Variação acumulada em 3 meses,202208,agosto 2022
1,Brasil,2,%,-1.32,1,Brasil,2263,IPCA - Variação acumulada em 3 meses,202209,setembro 2022
1,Brasil,2,%,-0.06,1,Brasil,2263,IPCA - Variação acumulada em 3 meses,202210,outubro 2022
1,Brasil,2,%,0.71,1,Brasil,2263,IPCA - Variação acumulada em 3 meses,202211,novembro 2022
1,Brasil,2,%,1.63,1,Brasil,2263,IPCA - Variação acumulada em 3 meses,202212,dezembro 2022
1,Brasil,2,%,1.57,1,Brasil,2263,IPCA - Variação acumulada em 3 meses,202301,janeiro 2023
1,Brasil,2,%,2.00,1,Brasil,2263,IPCA - Variação acumulada em 3 meses,202302,fevereiro 2023
1,Brasil,2,%,2.09,1,Brasil,2263,IPCA - Variação acumulada em 3 meses,202303,março 2023
1,Brasil,2,%,2.18,1,Brasil,2263,IPCA - Variação acumulada em 3 meses,202304,abril 2023
1,Brasil,2,%,1.56,1,Brasil,2263,IPCA - Variação acumulada em 3 meses,202305,maio 2023
1,Brasil,2,%,0.76,1,Brasil,2263,IPCA - Variação acumulada em 3 meses,202306,junho 2023
1,Brasil,2,%,0.27,1,Brasil,2263,IPCA - Variação acumulada em 3 meses,202307,julho 2023
1,Brasil,2,%,0.27,1,Brasil,2263,IPCA - Variação acumulada em 3 meses,202308,agosto 2023
1,Brasil,2,%,0.61,1,Brasil,2263,IPCA - Variação acumulada em 3 meses,202309,setembro 2023
1,Brasil,2,%,0.73,1,Brasil,2263,IPCA - Variação acumulada em 3 meses,202310,outubro 2023
1,Brasil,2,%,0.78,1,Brasil,2263,IPCA - Variação acumulada em 3 meses,202311,novembro 2023
1,Brasil,2,%,1.08,1,Brasil,2263,IPCA - Variação acumulada em 3 meses,202312,dezembro 2023
1,Brasil,2,%,1.27,1,Brasil,2263,IPCA - Variação acumulada em 3 meses,202401,janeiro 2024
1,Brasil,2,%,1.82,1,Brasil,2263,IPCA - Variação acumulada em 3 meses,202402,fevereiro 2024
1,Brasil,2,%,1.42,1,Brasil,2263,IPCA - Variação acumulada em 3 meses,202403,março 2024
1,Brasil,2,%,1.37,1,Brasil,2263,IPCA - Variação acumulada em 3 meses,202404,abril 2024
1,Brasil,2,%,1.00,1,Brasil,2263,IPCA - Variação acumulada em 3 meses,202405,maio 2024
1,Brasil,2,%,1.05,1,Brasil,2263,IPCA - Variação acumulada em 3 meses,202406,junho 2024
1,Brasil,2,%,1.05,1,Brasil,2263,IPCA - Variação acumulada em 3 meses,202407,julho 2024
1,Brasil,2,%,0.57,1,Brasil,2263,IPCA - Variação acumulada em 3 meses,202408,agosto 2024
1,Brasil,2,%,0.80,1,Brasil,2263,IPCA - Variação acumulada em 3 meses,202409,setembro 2024
1,Brasil,2,%,0.98,1,Brasil,2263,IPCA - Variação acumulada em 3 meses,202410,outubro 2024
1,Brasil,2,%,1.40,1,Brasil,2263,IPCA - Variação acumulada em 3 meses,202411,novembro 2024
1,Brasil,2,%,1.48,1,Brasil,2263,IPCA - Variação acumulada em 3 meses,202412,dezembro 2024
